Model,AUROC P-value,AUPRC P-value
no_lnc,0.232421875,0.02734375
no_mir,0.10546875,0.193359375
no_lnc_mir,0.845703125,0.275390625
